datetime,A,B,C,D
2000/1/1,0.371579658,0.967681312,0.246309176,-0.233014376
2000/1/2,-0.463494928,1.589332171,-1.124718261,0.550907055
2000/1/3,0.028967547,3.478596787,-3.248119822,0.229181483
2000/1/4,1.054727953,4.566134606,-2.538455242,-1.718872384
2000/1/5,0.903726684,5.008159567,-1.247618224,-0.508629367
2000/1/6,0.234542149,3.939850056,-0.379512817,-0.545604269
2000/1/7,0.976832706,4.90290756,-0.002335116,-1.115921009
2000/1/8,1.063668936,4.817976108,-0.642414103,-0.635638571
2000/1/9,1.073088087,5.065100968,-1.0824875,0.366477127
2000/1/10,0.021107227,5.525192002,-1.143974914,-1.299201615
2000/1/11,-0.119251557,7.224747193,1.21730106,-1.034871069
2000/1/12,0.296630089,8.081807322,1.745051765,-1.58092858
2000/1/13,1.081275557,8.40178481,2.460145347,-1.017444817
2000/1/14,0.412713395,7.887859173,4.106841608,0.457717811
2000/1/15,1.407720024,8.746585336,4.95301653,1.242094241
2000/1/16,1.435837629,9.426959563,5.239421107,-0.665385736
2000/1/17,1.59660852,12.06554569,4.275012956,-0.887669508
2000/1/18,1.868603061,12.07690663,4.790807377,-1.334181962
2000/1/19,3.019755289,13.43235547,4.650202512,-2.108563857
2000/1/20,4.649085687,13.70921335,5.221622212,-2.773739241
2000/1/21,3.934530751,12.58385832,5.652276661,-1.126943095
2000/1/22,2.1358984,12.19177747,6.026141893,-1.25895966
2000/1/23,0.765772253,14.62239096,6.824686941,-0.45378029
2000/1/24,0.117901212,16.0605935,6.688419271,0.169836091
2000/1/25,-0.839634311,17.32364321,5.772678258,0.640596952
2000/1/26,0.424334087,18.26100224,6.310958267,0.126743909
2000/1/27,-1.048394085,20.42626801,6.775615218,-0.101572081
2000/1/28,-0.224481826,20.50236716,7.295680019,1.653772396
2000/1/29,1.770999216,19.55559637,7.545633848,1.541634344
2000/1/30,1.791975913,16.64075581,8.385162079,2.547059231
2000/1/31,3.594796699,15.28087215,8.045508699,4.536313896
2000/2/1,4.621154368,15.13595144,7.96786019,3.891810833
2000/2/2,3.640059091,15.37952095,7.514493373,3.543498935
2000/2/3,3.7124507,15.25377979,6.030266737,4.303263724
2000/2/4,2.614939079,16.86087543,4.021485514,3.711351386
2000/2/5,3.195399715,16.46036306,4.019550255,2.382622347
2000/2/6,3.715720484,14.07195969,3.601956422,2.560033603
2000/2/7,2.313700369,15.31338742,2.2578833,1.032532489
2000/2/8,3.649975089,15.78488346,4.564981829,1.476709282
2000/2/9,5.393048824,18.52862643,5.124009764,1.699025679
2000/2/10,7.518767344,19.24132892,4.198218911,1.817973595
2000/2/11,8.064187186,18.29603832,4.520866456,3.339870984
2000/2/12,9.964615197,18.071782,5.423662704,3.968700254
2000/2/13,11.97610958,18.17560504,6.26294243,3.410953258
2000/2/14,10.67430445,19.48315529,4.61103579,2.419752805
2000/2/15,10.22455638,18.55658771,3.420738214,2.787111771
2000/2/16,11.06427711,19.16591667,3.074634005,3.736099502
2000/2/17,10.81331829,18.37422178,3.087010061,6.068830898
2000/2/18,11.00433939,17.55913476,3.821325383,5.102195164
2000/2/19,11.23235578,15.75583499,3.239377624,4.512842757
2000/2/20,11.46257339,15.75552337,1.476333342,6.38158125
2000/2/21,13.50275369,15.5795698,0.453045412,6.879227779
2000/2/22,12.39670696,15.94841974,-1.054369835,7.096250019
2000/2/23,13.16429388,15.22257985,-0.38068605,6.637716215
2000/2/24,15.33872556,15.52220144,0.85264085,7.61966627
2000/2/25,13.26132555,17.10331776,0.943835114,9.038615538
2000/2/26,11.93024771,15.307184,0.717286486,9.567393349
2000/2/27,11.21011144,15.74498469,1.101413936,10.12682489
2000/2/28,11.92328343,16.66816163,-0.161688355,9.390706291
2000/2/29,12.53387264,19.30082468,0.083832021,9.536875979
2000/3/1,13.25688338,18.81011831,0.568524559,7.869739793
2000/3/2,11.3529082,18.76764265,1.069663276,9.245097543
2000/3/3,10.176262,19.26463973,1.4096234,8.177003779
2000/3/4,9.579878287,19.36383154,2.043178688,8.52785351
2000/3/5,9.043822986,19.19579121,1.447629054,8.121500987
2000/3/6,7.286537257,20.25094991,0.644614408,7.795850879
2000/3/7,5.684059571,20.21194947,-1.169533323,6.22441887
2000/3/8,7.119237679,18.57439219,-1.583797633,6.831003893
2000/3/9,8.477459955,18.20107665,-1.694700756,7.598630133
2000/3/10,7.373699143,17.69626847,-2.779025619,8.867569019
2000/3/11,6.548622942,17.62131785,-3.088131816,10.56459989
2000/3/12,8.690447435,18.93296001,-2.722122333,8.650068251
2000/3/13,8.460475602,19.20156704,-3.952956118,10.13356117
2000/3/14,8.15882236,20.74357095,-4.358719156,12.06849658
2000/3/15,7.004829062,21.41617097,-2.988934554,12.0401676
2000/3/16,6.797971927,22.463139,-3.886596591,11.34258485
2000/3/17,7.237680695,22.68492525,-5.504662946,11.36707677
2000/3/18,6.00296924,23.09068673,-5.873770872,10.77868003
2000/3/19,4.309475984,23.44776384,-5.651830248,11.81505042
2000/3/20,0.868596657,23.33108055,-6.369057007,12.12199011
2000/3/21,2.161745929,24.62803232,-7.745872006,11.36810929
2000/3/22,2.683663398,23.28027476,-6.773532284,11.17180376
2000/3/23,2.905950979,23.94693346,-7.590120673,12.46104656
2000/3/24,3.504719895,24.37488325,-6.364551613,12.46983757
2000/3/25,3.502052296,25.35157505,-5.255683087,12.45311449
2000/3/26,3.955484403,26.23281307,-3.368759933,12.10550498
2000/3/27,3.894767147,25.2518128,-2.400543747,10.97102817
2000/3/28,4.298360473,25.79031486,-0.024860804,9.695227514
2000/3/29,3.107009361,25.7291695,0.38141149,10.20538586
2000/3/30,2.649212681,24.56628719,-0.860098073,10.95363023
2000/3/31,0.100080577,24.02295011,-2.492702953,11.89073922
2000/4/1,0.251614811,23.84159008,-3.422398691,10.77528579
2000/4/2,-0.082858609,22.55589478,-3.179331159,10.835663
2000/4/3,0.636791401,21.7530572,-3.053241702,9.869731676
2000/4/4,3.353717077,22.3253031,-2.161242857,11.63165206
2000/4/5,3.164599089,22.86425249,-2.806429218,9.613745722
2000/4/6,7.657135811,23.18024422,-0.663555759,9.479066146
2000/4/7,7.66393592,21.73950554,0.489052649,7.721890016
2000/4/8,9.408687076,22.63912455,-0.393362936,7.978326791
2000/4/9,10.19988818,23.13670362,-0.562204992,8.149980762
2000/4/10,10.17600984,21.30716508,0.63827348,6.446751265
2000/4/11,10.98600177,21.37156652,0.147561985,7.068433489
2000/4/12,10.53706533,19.85922403,0.732164218,7.104393241
2000/4/13,9.054678716,19.72782477,0.729588515,7.683476734
2000/4/14,8.989339986,20.11860008,2.081711856,7.431103093
2000/4/15,8.91361527,21.08608099,3.959604859,7.114670817
2000/4/16,9.064685847,21.67161787,4.143094254,7.055779643
2000/4/17,10.62178098,22.45095773,3.599304713,5.590326379
2000/4/18,11.1507436,24.82532956,3.627753462,5.687151562
2000/4/19,10.92171231,24.42070765,3.130741338,5.010783804
2000/4/20,11.54023677,24.84647988,3.745564232,4.913782021
2000/4/21,10.8794002,24.06448325,3.981206956,5.719102787
2000/4/22,10.70724073,24.38829511,2.85683091,6.278428806
2000/4/23,12.39614184,24.41680819,3.517914958,5.024734144
2000/4/24,10.93115287,23.79359949,2.282369972,4.65079402
2000/4/25,11.79167512,21.99048753,2.173815481,3.588492564
2000/4/26,11.37445027,22.79141947,2.19084066,3.709833621
2000/4/27,9.969927591,22.20068538,2.313979843,4.097735631
2000/4/28,10.66480708,21.49868731,2.63794344,4.293021115
2000/4/29,8.985805138,21.80562972,3.043898359,4.577549851
2000/4/30,7.230619494,20.90625966,2.252397634,2.846137743
2000/5/1,5.754911489,20.20685804,3.846300952,3.147004026
2000/5/2,5.805259672,19.30750853,3.880520972,3.189890338
2000/5/3,5.848936512,21.50637286,3.765446921,2.2754515
2000/5/4,6.498529742,20.63174758,3.390775749,2.254256714
2000/5/5,5.875887958,20.05258792,3.217363165,2.668026494
2000/5/6,4.047829685,18.19451054,2.681616985,2.506970882
2000/5/7,3.875420061,19.51687407,1.942359263,1.387977953
2000/5/8,4.962552799,19.43297529,2.283587341,1.548399986
2000/5/9,4.659216106,20.37653149,2.286548019,0.57222384
2000/5/10,4.948540186,21.17882724,2.638786397,0.782464707
2000/5/11,4.291910663,19.96193329,3.847248997,2.243285784
2000/5/12,4.69623378,20.51076273,2.04869555,1.924723014
2000/5/13,4.797116575,21.48047089,2.24775864,1.733713773
2000/5/14,4.93336435,22.99441484,2.600850711,3.245390556
2000/5/15,4.974844045,23.3087547,2.790416505,3.289344354
2000/5/16,3.962767585,24.427231,4.697887771,2.218955221
2000/5/17,2.491676801,26.00664971,4.505527814,3.13180794
2000/5/18,2.630605044,25.18996148,4.131386078,3.998271189
2000/5/19,1.49724274,26.67531974,3.652910941,3.124300677
2000/5/20,1.381746344,26.61518147,3.003771479,2.39867636
2000/5/21,1.122220839,25.77650444,2.388937523,0.387134097
2000/5/22,3.563424257,25.76915658,2.20099222,-0.933965068
2000/5/23,4.933263208,25.2688948,2.003904843,-2.2514235
2000/5/24,5.109857781,26.96456676,3.240538039,-2.563459154
2000/5/25,5.221733764,27.17883118,3.887055093,-4.389199269
2000/5/26,4.843989725,26.84966005,3.626275238,-4.524414138
2000/5/27,3.18259118,26.68342835,4.814501529,-5.773398378
2000/5/28,2.354365636,26.3136566,5.301772945,-4.143994546
2000/5/29,2.201058585,26.90210706,6.185984938,-6.042854353
2000/5/30,2.982798135,27.00346357,6.78481857,-6.224804086
2000/5/31,1.859324367,26.2797864,8.290579806,-7.168779475
2000/6/1,2.859986888,26.20179155,9.069687982,-6.645854729
2000/6/2,3.562165943,27.23039538,10.10885791,-7.217772532
2000/6/3,4.462753769,26.62503494,13.01946007,-7.159140054
2000/6/4,4.386508261,26.6373053,12.94360601,-8.538018602
2000/6/5,3.406648128,26.6046184,12.65138457,-7.123833082
2000/6/6,5.084597922,27.47690236,11.29134019,-8.971937001
2000/6/7,4.444609259,28.71982648,12.15958462,-9.762429015
2000/6/8,3.926214862,30.37076467,12.44149734,-8.488260919
2000/6/9,4.565747988,29.67231286,9.935782193,-8.523823683
2000/6/10,4.654766926,28.49363522,10.70809705,-9.620148021
2000/6/11,3.60706458,26.79397862,12.94266308,-11.09786337
2000/6/12,3.905303991,25.65197559,12.39645909,-9.082534883
2000/6/13,4.271634732,26.16501617,12.20630038,-10.72131239
2000/6/14,3.903691749,25.84218412,11.94506346,-9.567602568
2000/6/15,6.349690359,25.56316526,12.37710901,-10.16796269
2000/6/16,5.492196509,25.24848368,14.27074026,-9.912631958
2000/6/17,3.663696764,25.43962239,12.93924379,-10.25952274
2000/6/18,3.771723513,25.33089495,12.31632448,-12.71574272
2000/6/19,5.621868756,24.59589139,12.93994903,-12.3333367
2000/6/20,4.235652555,24.30003124,13.66696214,-13.10643552
2000/6/21,5.702732273,24.92471547,12.71922866,-13.58168584
2000/6/22,5.997055645,25.25356467,13.05754397,-14.69239943
2000/6/23,5.646791797,24.5743503,12.80105639,-14.83899837
2000/6/24,5.426587014,26.18000039,14.85273533,-13.3621078
2000/6/25,4.868669675,25.60977649,15.49254399,-11.31739079
2000/6/26,4.728908237,24.0527178,17.89849466,-11.60345506
2000/6/27,4.242732784,21.55277468,19.29684832,-11.31613598
2000/6/28,4.375575749,20.58963189,18.19500152,-13.79108951
2000/6/29,3.700618465,20.88409511,17.97224727,-14.90743019
2000/6/30,3.366760321,21.73921071,16.80973112,-15.91769509
2000/7/1,2.830399265,21.19319601,17.43961177,-17.70864978
2000/7/2,3.029811391,21.24170193,15.20431661,-17.53289165
2000/7/3,3.202449544,21.18346886,15.62877857,-17.28134286
2000/7/4,3.578430563,21.28713823,14.87654702,-18.09055561
2000/7/5,4.85827264,23.05398669,14.74273072,-16.21780379
2000/7/6,6.178132655,23.71060659,15.59103074,-16.28268088
2000/7/7,5.727749747,24.39953633,16.34506513,-15.58018109
2000/7/8,6.101351524,24.55560068,16.84783445,-15.68936799
2000/7/9,5.475862484,24.31131782,16.16842637,-15.25713807
2000/7/10,4.621729077,25.70288948,17.71881164,-14.91034673
2000/7/11,6.603337664,25.19498948,17.33040029,-15.31167211
2000/7/12,6.603474607,25.64139771,17.88673303,-15.18035679
2000/7/13,6.819330586,25.26330449,16.89623868,-14.07647424
2000/7/14,8.188989151,25.61086737,15.99041482,-12.55129115
2000/7/15,7.529312519,24.6877858,14.86003012,-12.17932165
2000/7/16,8.284845099,25.22481417,15.67886451,-12.86054244
2000/7/17,9.186066444,23.97815734,15.97992235,-11.92363035
2000/7/18,10.07398103,22.33590404,15.29708127,-11.12354933
2000/7/19,9.963622984,21.46055078,15.77329288,-11.29897815
2000/7/20,11.800324,22.1572012,15.55665425,-10.26875775
2000/7/21,13.10760338,23.4849443,16.66380283,-10.88964185
2000/7/22,14.38533353,24.17012781,16.5578373,-12.57223409
2000/7/23,14.7799466,23.83088875,14.74012486,-11.15009559
2000/7/24,14.17530443,22.99685888,15.40039,-12.77991331
2000/7/25,13.26275038,23.70843156,16.56177088,-14.01682832
2000/7/26,10.88329303,23.07557145,17.39075801,-15.6906408
2000/7/27,11.15795252,22.77002143,17.51624313,-16.12511591
2000/7/28,10.90861479,22.87463707,17.94690689,-15.28647482
2000/7/29,9.39626381,23.27336189,16.50088493,-15.75684035
2000/7/30,9.058976714,21.73851721,17.07582852,-14.55959694
2000/7/31,8.861809623,23.10323154,16.48028735,-13.92318055
2000/8/1,10.44819773,21.67477286,16.79932057,-11.53502919
2000/8/2,10.79241416,22.67064601,16.58204918,-10.79403756
2000/8/3,11.55100692,21.81953881,17.69995533,-9.46588354
2000/8/4,9.272179107,23.16013923,17.8573128,-9.201645218
2000/8/5,9.992788194,22.62256226,19.94430986,-7.824663074
2000/8/6,10.82201429,24.23622491,19.09763373,-8.510562784
2000/8/7,10.65652082,25.5031604,17.53204469,-7.430040635
2000/8/8,12.62236577,26.49767231,16.62749225,-8.28963363
2000/8/9,12.6686086,25.27459187,16.23340038,-9.988554474
2000/8/10,11.38248827,23.75015556,16.52481089,-9.357315407
2000/8/11,12.22943883,23.5202795,15.43246226,-8.304765268
2000/8/12,12.81579064,23.70620266,14.32524932,-8.530929706
2000/8/13,13.4544716,24.41502114,13.89750064,-8.980943343
2000/8/14,14.33458344,23.19629582,13.17913594,-10.05692658
2000/8/15,13.32372052,22.71375648,12.59596792,-9.757622218
2000/8/16,11.19522797,22.30373677,12.17588677,-9.72045825
2000/8/17,11.27276765,20.99246324,11.75874115,-9.812565322
2000/8/18,10.93483601,23.13263951,12.78039344,-8.981915091
2000/8/19,9.786351287,22.6565867,11.96001344,-6.769512055
2000/8/20,9.373499761,21.74209102,11.9157277,-6.259090735
2000/8/21,10.32790055,21.5433885,13.77528428,-5.740652286
2000/8/22,11.0757568,21.49813732,13.09068588,-6.624756576
2000/8/23,11.32454385,21.18381976,11.51049614,-4.654939882
2000/8/24,12.03130672,22.63760261,10.98257567,-6.164324482
2000/8/25,11.49352682,23.03333672,10.59247685,-5.747794436
2000/8/26,12.10648227,23.74221091,10.18237747,-5.378861883
2000/8/27,12.13906449,24.03060365,13.14221977,-4.964729747
2000/8/28,12.08348374,24.01789109,12.13423525,-4.156456015
2000/8/29,12.24835113,22.29957652,9.972260598,-4.372302958
2000/8/30,12.54306763,23.43210393,11.38751816,-3.469259523
2000/8/31,11.17989858,23.6339473,11.38105849,-3.003986879
2000/9/1,12.19405346,24.04682552,11.64173222,-1.164006087
2000/9/2,14.08108614,23.85691083,11.83247659,-2.732880239
2000/9/3,13.94027823,22.76477792,12.43097755,-3.074378189
2000/9/4,13.5684431,23.1511657,11.47654815,-2.316752102
2000/9/5,14.9193117,23.83023385,12.64779919,-4.765083046
2000/9/6,15.82274283,24.01617594,11.66616411,-5.752242808
2000/9/7,16.31121341,26.33353965,10.10061752,-5.348601826
2000/9/8,14.54420439,25.69635285,8.999278177,-6.041122673
2000/9/9,14.85683098,28.01099951,8.232955396,-3.000238483
2000/9/10,14.54793421,28.44273501,9.518998107,-2.834591861
2000/9/11,14.33749432,29.01380018,8.818989302,-3.507812777
2000/9/12,14.11065624,28.87161676,6.989459808,-1.360319678
2000/9/13,13.82844981,30.00406638,8.094200013,-0.805240843
2000/9/14,13.82339123,28.64811676,8.235097485,-2.470649172
2000/9/15,11.71318139,29.56392978,10.53379724,-2.498247511
2000/9/16,12.05824756,30.10374567,10.1861525,-1.804338393
2000/9/17,11.59977516,29.83635872,10.28931172,-3.234307748
2000/9/18,11.9962769,31.28088417,12.27291065,-3.177332664
2000/9/19,9.482226485,32.37461798,11.50308835,-2.960164086
2000/9/20,8.35274165,33.23304128,11.36427994,-2.555433115
2000/9/21,8.142235954,33.9540955,11.04727647,-1.717550439
2000/9/22,8.450759443,34.64801651,11.6744651,-1.559877293
2000/9/23,8.295220257,36.1112385,12.34875762,-2.19647694
2000/9/24,7.132620372,38.00511287,12.14344123,-3.182420986
2000/9/25,5.750334893,37.94531956,13.74839448,-2.322266639
2000/9/26,6.223567995,37.5081023,15.3121669,-2.250864615
2000/9/27,7.061681407,37.36615733,16.2974374,-1.88051218
2000/9/28,6.173190936,36.89060934,17.53853738,-1.395055896
2000/9/29,7.230736512,35.12302135,17.65344758,-2.780977217
2000/9/30,6.672019927,36.66964999,18.45427524,-2.710825358
2000/10/1,8.400881414,37.30114695,18.67246494,-4.689636952
2000/10/2,10.5390372,37.2527781,18.61636429,-4.312183712
2000/10/3,11.52302908,37.82555475,19.02670084,-5.142238454
2000/10/4,11.24046692,37.07243397,18.80200007,-6.883855416
2000/10/5,11.0995623,37.79599891,20.12500667,-6.251964438
2000/10/6,10.18437616,37.28900314,19.07416547,-5.388591983
2000/10/7,12.17483715,37.96198942,17.71988585,-6.050957062
2000/10/8,12.46081773,38.25507461,19.6890377,-7.298024954
2000/10/9,10.51379334,38.31686314,18.78505044,-7.685845809
2000/10/10,10.71976311,37.06420037,20.76454656,-8.029571395
2000/10/11,12.54982087,38.04124194,19.35746762,-6.886806932
2000/10/12,11.55193023,37.37737975,18.56610765,-8.758163229
2000/10/13,11.18294653,38.54241947,18.89631491,-10.0397115
2000/10/14,9.414020316,39.88572817,20.53526243,-9.008047094
2000/10/15,9.971875616,39.18507859,21.57969028,-8.108402552
2000/10/16,9.715482399,37.21159754,18.88924307,-8.854570621
2000/10/17,8.931369689,37.36117461,17.09776064,-7.48428992
2000/10/18,9.832899364,38.0405638,15.30794965,-7.442681521
2000/10/19,8.82949264,37.42189192,16.91196419,-6.663703229
2000/10/20,7.321762723,38.16514552,18.9518204,-6.654515427
2000/10/21,8.151222634,38.35049952,18.8513627,-8.231484113
2000/10/22,7.073101386,37.68269872,18.35600894,-6.701975757
2000/10/23,7.963372948,37.16983632,17.68315448,-6.789934628
2000/10/24,8.119065083,36.29584653,18.79214324,-5.958264256
2000/10/25,8.938656178,37.42884231,21.66623778,-5.125462671
2000/10/26,8.748532344,37.68002054,21.62630046,-6.216322898
2000/10/27,9.416703468,39.00163808,22.15445032,-6.643371706
2000/10/28,11.38523467,39.86845548,22.24076533,-9.686112855
2000/10/29,10.4480266,39.44792701,24.05511856,-8.08270144
2000/10/30,9.687864789,40.14544645,23.97765987,-9.66735915
2000/10/31,10.79317528,42.19651449,24.85998272,-8.287306521
2000/11/1,10.97786318,43.84353303,25.92174982,-7.578248522
2000/11/2,9.689935535,45.18049563,24.72794673,-7.61417959
2000/11/3,9.0529898,46.34869137,25.60879579,-8.476200949
2000/11/4,10.44505269,45.75667854,23.7017489,-9.659073896
2000/11/5,10.48899391,44.28792674,23.71924339,-9.963459674
2000/11/6,9.999058257,43.57604235,24.27727024,-12.25539124
2000/11/7,8.938625223,42.93547561,24.56097594,-10.08532869
2000/11/8,9.047227336,42.46060674,24.15566849,-9.779966978
2000/11/9,7.567270013,43.21425446,23.56828028,-9.426690918
2000/11/10,7.30239938,43.72966765,21.8999038,-10.75594879
2000/11/11,8.616313467,44.48262066,20.19176447,-10.10415867
2000/11/12,9.172390417,45.47249141,20.88983718,-9.773082917
2000/11/13,8.712182857,45.8892997,19.31496223,-9.950373709
2000/11/14,7.766267161,45.79900372,20.05782829,-9.037719847
2000/11/15,9.01053483,47.0347071,19.53266813,-10.71695877
2000/11/16,9.355458749,47.17783101,20.24017513,-10.70837729
2000/11/17,8.473000827,45.39029441,18.2885793,-9.256867185
2000/11/18,9.419473498,46.54732812,18.36711304,-8.76439299
2000/11/19,7.834068905,50.14176233,17.28453746,-7.438684428
2000/11/20,7.865068861,52.14311139,17.81762585,-7.249837044
2000/11/21,7.957607308,52.37220682,18.63098142,-7.939487117
2000/11/22,6.689597682,52.95143454,19.91585218,-7.847724555
2000/11/23,6.400036831,52.93369028,20.70559541,-8.23725749
2000/11/24,6.098998684,52.78468907,22.44540237,-9.091385842
2000/11/25,6.502581746,53.18157776,22.8970413,-8.466153777
2000/11/26,4.729821756,53.95952721,22.17357635,-8.534424019
2000/11/27,4.125397945,53.54796252,21.83932202,-9.09334782
2000/11/28,3.883184877,53.63218212,22.01663494,-9.082272933
2000/11/29,1.015254598,54.09732471,22.14241104,-8.91632021
2000/11/30,0.356752007,54.07095697,22.30374419,-7.896490873
2000/12/1,0.278924793,53.56666869,21.04102571,-7.93862484
2000/12/2,-0.288043412,53.86214197,22.82018258,-8.428420514
2000/12/3,-1.940003966,52.4251762,24.34424619,-10.00010988
2000/12/4,-1.757605628,51.00268573,22.4738316,-10.2445464
2000/12/5,-3.186618579,53.58612108,21.47833785,-9.989046279
2000/12/6,-3.399932121,53.70010785,22.42516783,-10.91313532
2000/12/7,-3.471714826,53.39166393,23.01947088,-11.82577485
2000/12/8,-4.927392339,52.82189966,23.24279014,-12.70231714
2000/12/9,-5.539055842,52.61173233,21.93069846,-13.09471806
2000/12/10,-5.12116264,52.64525623,21.01769201,-12.4510542
2000/12/11,-4.782605321,52.88771202,21.09829711,-12.27769271
2000/12/12,-5.394254873,52.91588621,19.77902862,-12.32607045
2000/12/13,-5.965924591,51.67463552,19.2302837,-10.47563939
2000/12/14,-4.626786673,50.66245631,19.19444478,-8.149669686
2000/12/15,-5.61520868,51.72829364,17.60378992,-9.199286062
2000/12/16,-5.339021057,50.58683923,18.26649022,-9.481248037
2000/12/17,-5.280376691,51.20419183,18.16909673,-10.15435296
2000/12/18,-4.108342414,49.63736209,19.32030095,-10.25639288
2000/12/19,-4.371119904,49.5702933,16.74632954,-9.109955259
2000/12/20,-3.439593843,48.54492309,16.17474224,-8.523781411
2000/12/21,-5.641871449,48.90466449,15.91897101,-5.070389149
2000/12/22,-5.932224998,47.96653133,16.57684696,-4.843874468
2000/12/23,-6.244471814,48.72130842,15.16792396,-4.5107914
2000/12/24,-4.622346858,48.20546368,14.86141951,-3.950747559
2000/12/25,-4.854440204,48.2622032,14.76147927,-3.91218159
2000/12/26,-4.545970774,49.09448254,14.62104738,-3.252876144
2000/12/27,-3.789234889,48.74432212,16.27663525,-1.414727729
2000/12/28,-4.712562496,48.81451728,15.86193429,-0.566118582
2000/12/29,-5.874235507,49.13380622,17.48691361,-0.913265857
2000/12/30,-6.766221596,48.62423859,17.89886722,0.316226849
2000/12/31,-8.36728671,48.18917878,16.12180456,3.443428179
2001/1/1,-9.314050354,47.77476968,15.71739679,2.708615321
2001/1/2,-9.668299761,48.86948741,15.52819292,2.582383607
2001/1/3,-10.44788227,49.48432804,16.62080913,0.829464166
2001/1/4,-9.237304636,49.43226056,17.30981393,1.377045695
2001/1/5,-10.42290719,50.12238982,17.85566474,1.519184337
2001/1/6,-9.02592616,48.92479981,20.24147703,0.395546269
2001/1/7,-8.908694426,49.10680598,22.02235914,0.728324283
2001/1/8,-8.787493037,48.80930855,22.22264887,1.294917
2001/1/9,-9.403242558,47.92894838,20.65753766,2.869053401
2001/1/10,-9.592713951,47.43510118,20.19072374,4.480734497
2001/1/11,-9.556604207,48.99265203,21.8854502,5.164405831
2001/1/12,-9.778474043,48.90243964,21.22708072,7.209054993
2001/1/13,-11.92975617,49.16086114,21.65973068,9.04650887
2001/1/14,-13.98784762,50.00814986,20.58738406,10.96110403
2001/1/15,-14.95709841,50.45364956,18.52455357,11.58614211
2001/1/16,-14.86776018,51.1835084,17.77628814,11.17870463
2001/1/17,-13.27472354,52.03656628,17.04901806,11.19947961
2001/1/18,-12.76093212,52.20660685,17.56971552,10.21817602
2001/1/19,-12.61262083,51.19872139,17.19967159,10.06210532
2001/1/20,-12.73656742,50.59703844,16.84779188,11.14271136
2001/1/21,-13.44004534,51.92232742,17.15440418,11.92974859
2001/1/22,-13.44166802,51.93114896,17.74066871,9.374248866
2001/1/23,-13.60770473,51.25443904,17.78616496,9.993505004
2001/1/24,-14.49370893,50.83772884,16.89355434,10.67057074
2001/1/25,-14.87447592,53.08006761,17.13479358,9.632334225
2001/1/26,-15.14201742,52.8271108,16.79059885,8.873132261
2001/1/27,-15.27028648,53.17421745,19.01265843,10.33998681
2001/1/28,-14.75834564,51.75768376,19.22057489,8.94184937
2001/1/29,-16.72435379,53.23746846,19.28861093,7.961780176
2001/1/30,-16.47071009,52.26259449,20.31396618,9.181208622
2001/1/31,-15.4188886,51.61795617,21.46253682,8.84758746
2001/2/1,-14.28287082,53.33176187,21.86046777,9.335102976
2001/2/2,-15.23348218,53.39143868,21.41371593,11.44331909
2001/2/3,-14.43817282,52.4183019,20.89335677,11.81882736
2001/2/4,-15.50133669,51.60821529,22.25603209,13.46208922
2001/2/5,-17.31772017,51.97769761,22.20620482,13.83995392
2001/2/6,-18.58368308,51.93004635,21.86394768,15.34817309
2001/2/7,-19.42768445,52.50190444,23.73870806,14.0207214
2001/2/8,-23.3878817,52.42814078,21.51920031,13.90584213
2001/2/9,-23.4578019,52.5904416,20.9543712,15.11903877
2001/2/10,-24.71919023,52.23876675,21.15926492,15.56941051
2001/2/11,-26.40837295,52.69550392,21.09949324,15.77228906
2001/2/12,-25.83833063,51.97979696,20.73589736,17.70991304
2001/2/13,-27.39204319,52.37494318,21.68436896,16.95434489
2001/2/14,-29.06028151,51.88393197,22.79188168,16.12616191
2001/2/15,-28.50772354,50.08146475,23.27304076,16.99759277
2001/2/16,-29.95366128,50.90899849,23.97797659,18.08946248
2001/2/17,-32.51436002,51.94299275,25.75573489,19.40255481
2001/2/18,-31.46028262,51.59188377,25.69339456,18.18427626
2001/2/19,-30.77647426,52.54660459,27.37385149,17.28813103
2001/2/20,-28.7850262,53.08514565,26.59337837,16.9742061
2001/2/21,-28.7550735,52.73119571,25.09114787,15.37281716
2001/2/22,-29.1000573,52.07528405,24.84404207,15.42803326
2001/2/23,-30.47654607,51.18264722,22.99204009,12.89166172
2001/2/24,-30.11179,50.3704605,22.06534242,12.18620421
2001/2/25,-30.42316639,51.2797728,21.44623361,11.216636
2001/2/26,-30.00768527,51.29668414,20.15827334,11.74388879
2001/2/27,-31.15709348,53.0406043,19.32267341,11.5767622
2001/2/28,-31.79495044,54.17186832,19.02869788,9.614793672
2001/3/1,-31.27631499,53.88886414,17.72438055,9.72834834
2001/3/2,-30.67942489,53.81773015,19.0316745,10.73290883
2001/3/3,-32.40947865,51.43790196,17.50724383,12.46006775
2001/3/4,-32.37627202,52.54477122,15.8105206,10.91591722
2001/3/5,-31.2619434,52.48091914,16.51293323,12.52400395
2001/3/6,-32.20333973,51.58884893,17.00216221,12.37137102
2001/3/7,-33.07357345,52.23440353,17.68750509,13.01953824
2001/3/8,-32.38816398,50.42572076,18.46780659,11.43570531
2001/3/9,-32.52151502,50.92737968,17.1630723,10.95536816
2001/3/10,-32.833985,50.71568152,19.1696842,11.20937232
2001/3/11,-32.08171869,50.05765148,18.04451393,10.82525107
2001/3/12,-31.90544749,49.10070585,17.41486821,11.34305422
2001/3/13,-31.49469765,50.13993664,17.48101427,12.41923619
2001/3/14,-31.18424932,50.7190881,17.79558088,10.94533566
2001/3/15,-33.21173169,50.8086744,16.48447212,10.93078218
2001/3/16,-32.53160386,50.47000875,15.18727465,11.73705961
2001/3/17,-32.23060658,50.84185898,16.24072907,11.47860626
2001/3/18,-33.43659942,50.81735508,16.38217763,11.36276311
2001/3/19,-32.75351664,51.99963648,17.71225498,10.01238489
2001/3/20,-34.76843221,51.56539651,17.35868299,10.23213594
2001/3/21,-35.67565662,52.15346672,18.32505908,10.60025639
2001/3/22,-35.18639937,50.89933195,18.64297221,9.810845014
2001/3/23,-37.20593314,50.0017552,18.03966959,11.50791425
2001/3/24,-37.43635326,48.6427034,18.24911207,11.68843801
2001/3/25,-39.04132964,48.228071,19.35389508,12.08621757
2001/3/26,-38.94333873,47.80912971,20.59393551,11.55068473
2001/3/27,-38.35906421,47.85970996,20.89295703,10.55985613
2001/3/28,-37.12851366,47.15497114,20.45706997,11.32836533
2001/3/29,-38.11072388,47.00970798,20.74738228,13.97680599
2001/3/30,-38.27781163,45.75119717,17.56320869,15.21621225
2001/3/31,-39.74503142,44.88901425,15.58716664,15.96175687
2001/4/1,-39.92742202,45.57868659,14.45736712,17.12119619
2001/4/2,-39.64220399,46.1805625,12.4352502,18.34503611
2001/4/3,-40.86574215,46.15449832,12.705777,18.44141233
2001/4/4,-40.15447203,45.58862383,11.51326859,17.74098392
2001/4/5,-40.92023208,44.17046574,12.97441819,18.10722136
2001/4/6,-40.32718147,42.44486116,12.70307282,18.59046725
2001/4/7,-38.41124993,42.92380551,12.74534387,18.54600641
2001/4/8,-38.22647605,42.14096486,12.06403697,17.88424275
2001/4/9,-38.31549788,42.75263613,12.60619083,17.60315116
2001/4/10,-38.97348011,41.85245198,12.70978823,20.03782475
2001/4/11,-38.49287668,39.65254661,13.30062938,21.27435564
2001/4/12,-39.06300362,39.55545993,12.65833749,21.7177187
2001/4/13,-38.76086382,39.75914965,11.23933762,21.13801063
2001/4/14,-39.45589372,39.70607206,11.73815392,23.81133992
2001/4/15,-38.75752536,39.2378308,12.98661722,22.83338816
2001/4/16,-38.9140061,40.42662996,14.00522307,22.84892748
2001/4/17,-39.00229549,40.60647163,12.63809168,23.56730169
2001/4/18,-39.8901826,39.86684775,10.66361992,20.62372398
2001/4/19,-40.93533582,38.3087435,11.15362369,22.07857938
2001/4/20,-40.69062558,37.80131389,11.85540527,22.73460123
2001/4/21,-42.02098446,39.6253326,11.13975727,20.98784301
2001/4/22,-41.54456246,37.73849909,11.55118856,21.11416298
2001/4/23,-42.50860081,36.23306771,11.32092496,21.35461877
2001/4/24,-42.8358627,35.94333273,10.19891419,19.35554797
2001/4/25,-43.08454908,35.30753979,11.41882252,20.99733335
2001/4/26,-42.10787431,33.43417203,10.92117245,22.20430201
2001/4/27,-41.43737859,33.42881569,11.23395501,22.19579162
2001/4/28,-40.93924852,32.90801293,12.78862665,21.65406473
2001/4/29,-40.73637074,33.20783453,11.16941996,20.79861811
2001/4/30,-39.30459184,31.2819319,11.15233516,20.30642084
2001/5/1,-39.18812073,29.86953186,12.34013772,21.13088504
2001/5/2,-38.26744993,29.72682432,11.328337,20.70285533
2001/5/3,-38.22634818,32.23965768,12.77724922,19.42281496
2001/5/4,-39.20709853,32.33335023,13.92718985,18.99729063
2001/5/5,-39.16991322,30.46036414,16.04398216,18.63623343
2001/5/6,-39.1032279,31.28807769,17.04085211,19.19753844
2001/5/7,-38.95623945,30.41051281,16.3897199,19.44922803
2001/5/8,-38.87711475,30.30791039,17.3961534,19.98454666
2001/5/9,-38.11839946,32.5787533,19.10082459,20.24532392
2001/5/10,-37.54985714,31.98214458,17.9918494,20.07363524
2001/5/11,-37.82527677,32.46742383,17.39209522,19.42977217
2001/5/12,-37.30868044,31.96374281,16.62176843,21.21483235
2001/5/13,-36.9985976,30.64934046,17.00713802,21.26525282
2001/5/14,-35.81072274,30.02636293,19.02101028,20.94353246
2001/5/15,-34.86826002,29.00981971,19.02972531,21.22382593
2001/5/16,-34.18375119,27.94019907,18.77740224,21.05576497
2001/5/17,-34.63579984,27.45109457,18.12447613,19.86359934
2001/5/18,-35.44882132,28.41964232,16.06455338,18.54509535
2001/5/19,-35.39480739,29.3197425,15.61406874,19.41673803
2001/5/20,-35.592083,28.46615564,15.93245057,19.23743614
2001/5/21,-35.92295019,27.74222685,15.70834132,18.90868449
2001/5/22,-35.82680641,26.23244488,16.15399363,18.31116078
2001/5/23,-35.53033492,26.11239514,15.51422757,18.06968782
2001/5/24,-35.20311417,26.23804207,13.82096151,18.78790305
2001/5/25,-35.87491609,26.14392813,12.12925672,19.07190604
2001/5/26,-35.01917766,26.32400038,11.85876989,18.56272942
2001/5/27,-34.61666455,26.28763317,10.53462966,17.20661627
2001/5/28,-35.9553936,26.74192594,11.77132588,17.55933775
2001/5/29,-35.14368605,27.22440415,13.14325802,15.8003367
2001/5/30,-35.49672626,27.52255109,11.79134955,16.55112478
2001/5/31,-35.16407879,27.98857628,12.03545324,17.29408003
2001/6/1,-34.64103845,27.2682612,11.4194796,16.83881426
2001/6/2,-37.51678325,27.19992906,12.05266211,16.27744565
2001/6/3,-38.57669214,25.8755255,12.92954135,16.74944858
2001/6/4,-38.78329034,26.13963567,11.17813432,17.19798352
2001/6/5,-37.9061952,25.32530209,11.26399472,15.57580889
2001/6/6,-39.31291994,27.23960508,10.21284621,14.80544999
2001/6/7,-39.36936128,26.3175333,10.72285524,14.26927791
2001/6/8,-39.43396253,26.72258476,9.897165356,14.12565449
2001/6/9,-40.28837119,27.6337167,9.627093736,15.25148225
2001/6/10,-39.67286634,26.29230459,11.04194539,16.71801753
2001/6/11,-38.40597589,24.71013967,9.94352299,17.51565463
2001/6/12,-37.76418468,24.29456449,9.889052042,16.96064875
2001/6/13,-37.57117537,24.60059679,13.04371383,15.68156873
2001/6/14,-36.07734298,24.48882513,14.933303,15.1176369
2001/6/15,-36.97407667,25.76384241,13.87032286,16.12385921
2001/6/16,-36.98973184,26.37410047,13.42866918,14.50612859
2001/6/17,-36.9658233,27.8696956,14.7662131,14.48774971
2001/6/18,-35.90160863,29.59641185,11.99762263,14.23702405
2001/6/19,-35.73781963,28.88792436,12.17817043,13.77040616
2001/6/20,-35.99796271,29.61923954,10.72343251,13.80568519
2001/6/21,-36.5961366,30.24961292,9.980840472,13.65131609
2001/6/22,-36.34338059,29.12466093,11.75920067,12.21047799
2001/6/23,-38.51934825,27.76903209,12.20288953,11.95809229
2001/6/24,-39.48335818,29.16439637,12.06439972,10.54935739
2001/6/25,-40.36563824,29.80202505,10.28062239,11.6801513
2001/6/26,-40.23900805,28.04545881,9.357802261,13.07993277
2001/6/27,-40.89551146,29.99365762,8.516729061,12.29599963
2001/6/28,-41.47478152,31.76074842,9.252071701,12.32481249
2001/6/29,-40.72936821,32.1943873,10.45546377,13.38328677
2001/6/30,-40.95924368,32.35545235,11.50515508,14.45058928
2001/7/1,-40.99517196,32.60543388,10.02816634,15.13418536
2001/7/2,-39.91198319,34.0241289,9.267916534,15.00718551
2001/7/3,-39.27111199,32.70626697,9.121843615,12.71205552
2001/7/4,-40.94831739,34.23490314,8.293152896,11.09443616
2001/7/5,-40.30857354,34.31031547,8.773669809,10.87378132
2001/7/6,-40.84624413,36.52999285,8.029775025,10.49725817
2001/7/7,-39.85533306,39.14203258,7.102063905,9.859294281
2001/7/8,-41.81883612,39.78805285,6.639246334,10.09889935
2001/7/9,-42.67705405,41.09693476,6.773432796,10.98522302
2001/7/10,-42.80941256,40.73801725,7.918279069,11.75864409
2001/7/11,-44.45856072,40.85997816,9.717372129,12.82977126
2001/7/12,-43.48727632,40.19398006,9.82369367,13.43393913
2001/7/13,-44.24114038,40.38279424,9.438718709,12.61599425
2001/7/14,-43.06623541,42.28348159,9.284736341,12.06511196
2001/7/15,-43.05507416,42.25810882,7.792985509,11.36134966
2001/7/16,-42.721995,40.7876087,7.978546435,11.84534594
2001/7/17,-42.14378752,42.09358848,8.940139229,12.22204668
2001/7/18,-41.49509606,41.62290634,9.282497142,11.77398743
2001/7/19,-40.2945053,42.94356114,12.15634932,11.91507589
2001/7/20,-41.93984849,42.71078639,11.84775344,13.49454346
2001/7/21,-41.51590143,43.48310154,12.85445112,12.39583175
2001/7/22,-41.18050418,43.60535231,14.09237965,13.84813084
2001/7/23,-40.95404485,44.37748195,14.51256702,13.71110835
2001/7/24,-40.24503714,44.15198822,14.99901433,13.13039535
2001/7/25,-39.43578244,45.46605364,16.95919649,13.35374974
2001/7/26,-39.23738595,45.58161617,16.84874111,11.42682756
2001/7/27,-37.66366643,44.95910809,16.34135601,10.61087157
2001/7/28,-37.48158149,44.38540154,17.03318842,9.015922938
2001/7/29,-37.98048721,44.43176361,18.58710543,9.988016358
2001/7/30,-37.09059545,43.60889913,18.37026515,10.58308667
2001/7/31,-36.72654534,45.32090792,18.0830103,8.678925922
2001/8/1,-36.33344946,45.25820903,17.02547228,8.839573063
2001/8/2,-35.54426862,45.46843496,17.89664056,6.941177301
2001/8/3,-37.08492782,46.32268813,19.61029767,7.013023247
2001/8/4,-37.00485095,46.13770592,19.93504294,5.949050852
2001/8/5,-37.11327701,47.03797563,19.97459061,4.596822092
2001/8/6,-36.84400877,47.1457345,21.13861873,4.581144629
2001/8/7,-38.40305535,47.78722503,20.78477385,3.60294271
2001/8/8,-38.20126257,49.54983755,18.53426617,3.50584402
2001/8/9,-37.39546652,49.67364633,15.28205943,3.332990698
2001/8/10,-36.64758494,49.75321273,15.42438676,3.54297164
2001/8/11,-34.67072259,49.63752829,14.7822461,1.541996693
2001/8/12,-34.35683778,51.08312464,11.98565433,1.384725073
2001/8/13,-33.46485362,50.77811956,12.08160308,1.802026737
2001/8/14,-32.07220328,49.98141673,12.29705918,0.809643774
2001/8/15,-32.18133514,50.58104733,10.02825441,0.626084961
2001/8/16,-30.6108088,51.40784852,8.574110457,0.597237807
2001/8/17,-31.06573449,49.7520665,7.753562048,-1.238076776
2001/8/18,-31.6863776,49.69031181,9.239893211,-2.443496477
2001/8/19,-31.79639474,48.34967656,7.573022371,-1.047911254
2001/8/20,-31.68808942,47.54091493,7.615903221,-1.493875517
2001/8/21,-31.9028067,46.57383717,9.417747072,-2.646139967
2001/8/22,-32.76327085,47.09704144,9.844141801,-1.845427621
2001/8/23,-32.27982405,47.40411926,7.49896099,-2.251292345
2001/8/24,-32.42413601,46.25325743,6.129300021,-0.99136047
2001/8/25,-33.9399507,47.11424942,4.842420865,-0.526392034
2001/8/26,-34.67898618,47.8086022,3.855270717,-1.517471361
2001/8/27,-35.17699635,49.8078058,4.20173943,-1.426219335
2001/8/28,-35.47630716,49.87071601,3.977249955,-2.367250579
2001/8/29,-35.97623096,48.11056136,2.9681446,-2.040863484
2001/8/30,-36.47942931,48.97208469,3.088077813,-2.833631775
2001/8/31,-35.29380354,48.16208236,2.493498469,-1.924301025
2001/9/1,-36.62430328,47.12911716,2.517535304,-1.930484741
2001/9/2,-35.63990186,46.91803385,3.269093108,-2.055300076
2001/9/3,-35.78565181,45.8213612,2.99032795,-3.697536682
2001/9/4,-36.44273114,46.72772636,3.591178541,-3.242631403
2001/9/5,-36.79389349,47.38297193,2.09616339,-2.064797838
2001/9/6,-36.1361208,46.24296387,2.002490418,-0.651682119
2001/9/7,-35.6015308,45.38782907,3.330661269,-1.449661084
2001/9/8,-35.36686003,46.47000709,4.044272656,-0.98846549
2001/9/9,-36.26278789,46.14394703,4.203288273,-0.084537563
2001/9/10,-35.91490322,45.7560383,3.883480541,-0.333302778
2001/9/11,-36.4121219,47.68723298,4.129681559,-1.159881334
2001/9/12,-36.54758983,47.68722092,2.395214077,-1.590569373
2001/9/13,-37.20676704,47.25600806,2.257038331,-1.85334396
2001/9/14,-39.24445455,48.5383092,1.715355819,-2.860605613
2001/9/15,-39.39728682,50.11927594,2.104238094,-2.485054095
2001/9/16,-38.50050066,50.70436553,2.228754252,-2.792966659
2001/9/17,-37.65811953,52.90215285,2.427677548,-2.540155541
2001/9/18,-38.63427484,53.90242193,1.481156335,-2.502750031
2001/9/19,-38.4966785,54.08874701,1.917174809,-3.119312524
2001/9/20,-38.85413995,52.69268936,3.34334298,-3.470663839
2001/9/21,-38.30262051,53.18637032,1.989404488,-3.33771105
2001/9/22,-37.79088838,54.89260332,1.828210223,-3.539573036
2001/9/23,-37.27858022,56.68231756,2.341226013,-4.001099721
2001/9/24,-36.10832158,56.28209406,3.446946515,-2.232244646
2001/9/25,-36.53724342,57.78733819,3.748469608,-3.137723647
2001/9/26,-35.88062668,56.60116932,4.941324451,-3.844665158
2001/9/27,-34.95723545,55.11692705,3.681685754,-5.487190476
2001/9/28,-32.3653121,55.86489082,5.719250892,-6.613330997
2001/9/29,-31.25419439,57.04103751,6.477164648,-5.48516886
2001/9/30,-28.82991332,57.74303199,5.439942496,-6.14151044
2001/10/1,-28.66170592,57.88777642,5.56770673,-5.151472889
2001/10/2,-28.86165102,59.81760318,6.77911097,-6.226837265
2001/10/3,-27.87114576,61.40182854,6.382226936,-5.95680712
2001/10/4,-27.28562851,61.98002554,5.967949208,-6.184544285
2001/10/5,-26.1908661,60.92782448,6.713681928,-5.36195116
2001/10/6,-26.80898679,60.07814394,5.847588525,-3.692766296
2001/10/7,-24.97113154,60.73485311,6.918473564,-3.864031748
2001/10/8,-24.78811951,60.93806137,5.04507678,-4.287997911
2001/10/9,-23.36132556,61.71752565,5.286987555,-4.833238187
2001/10/10,-23.67186776,62.34341595,4.581685069,-5.176814624
2001/10/11,-25.09304692,61.48035388,3.659030154,-5.800639975
2001/10/12,-24.25666795,60.51603398,4.289248836,-4.364113903
2001/10/13,-24.48050692,60.46105031,3.854904535,-3.233072285
2001/10/14,-24.07162692,59.48457236,1.821187684,-4.432043828
2001/10/15,-25.12518015,59.22165437,2.187067367,-3.136372851
2001/10/16,-22.25685488,61.13087763,2.231683196,-4.263577921
2001/10/17,-21.37257793,61.11354353,2.736609086,-5.306530278
2001/10/18,-20.49080882,60.92997373,2.903071489,-5.347424612
2001/10/19,-23.78726528,61.72994951,4.87559602,-2.505053789
2001/10/20,-23.80141852,61.58543172,4.432686619,-2.890717426
2001/10/21,-22.68164931,60.72582172,3.861314632,-2.310110913
2001/10/22,-22.2372798,62.08581024,3.153350842,-2.09597504
2001/10/23,-21.30351692,61.70519239,2.173204958,-2.739111738
2001/10/24,-22.49540904,61.55759565,2.799884243,-3.823659975
2001/10/25,-23.4945273,61.08513624,1.462138991,-4.419285803
2001/10/26,-24.91673451,61.20723023,1.133440432,-5.287100705
2001/10/27,-25.87129706,62.41164157,0.900154712,-5.767095372
2001/10/28,-26.05297958,62.95417079,2.185626249,-4.957325742
2001/10/29,-26.36792948,63.61100226,2.804986118,-5.764931466
2001/10/30,-25.9849508,62.57637389,3.320820238,-4.904907679
2001/10/31,-25.07616083,61.84960481,1.688920844,-3.2503758
2001/11/1,-26.36052991,62.57662634,2.173091644,-3.403464315
2001/11/2,-26.77244172,62.95101243,2.88703692,-1.737708171
2001/11/3,-27.02257566,61.84888081,1.36953056,-2.82461726
2001/11/4,-25.93777061,60.45622366,3.334908497,-3.431412745
2001/11/5,-23.86438258,59.24224914,2.126719031,-4.772295487
2001/11/6,-25.11901471,60.94218977,1.611977826,-4.42782156
2001/11/7,-24.74542019,61.02725678,1.175016499,-4.042056258
2001/11/8,-25.43202051,61.48930833,0.946095058,-4.40097657
2001/11/9,-25.76264355,60.69232207,0.754166047,-3.021921919
2001/11/10,-27.32101463,60.674562,0.12469042,-3.589022444
2001/11/11,-27.75684725,60.37339183,0.499444528,-1.474699484
2001/11/12,-25.30252235,59.88912885,-1.20082326,-1.121377344
2001/11/13,-25.20063514,60.65314626,-1.726631353,-0.995628313
2001/11/14,-24.50195776,62.39408921,-2.171040246,-1.778498825
2001/11/15,-25.4483331,63.07761335,-2.633209047,-0.318908988
2001/11/16,-26.38497633,62.58772967,-3.04680141,0.357149217
2001/11/17,-26.57708808,64.18360704,-3.657633917,0.033601473
2001/11/18,-25.8046782,64.2679991,-2.847826624,0.68049946
2001/11/19,-27.09802944,64.69695232,-2.899358201,1.253889415
2001/11/20,-26.72920035,65.25317007,-2.540723414,1.723761402
2001/11/21,-26.45990726,65.97729266,-2.607816313,1.164638032
2001/11/22,-26.82269972,66.03802005,-3.674954459,1.007063076
2001/11/23,-26.51824059,65.48963819,-4.028971433,1.178400273
2001/11/24,-27.93008359,65.75736924,-4.253151002,0.294642721
2001/11/25,-28.92523005,67.28617887,-4.869623191,0.691196637
2001/11/26,-28.33420531,66.95599294,-3.910658926,-0.551911119
2001/11/27,-28.48011249,67.66421697,-3.228438841,-1.148647973
2001/11/28,-30.0410934,66.6273315,-1.783987153,-0.962167736
2001/11/29,-29.13291757,67.3039429,-1.084433163,-1.50620651
2001/11/30,-29.15455001,67.79584578,-0.629436827,-1.447316508
2001/12/1,-27.99606687,68.40013836,-0.842914413,-3.271637467
2001/12/2,-28.58207356,68.73372875,1.03634264,-1.832532336
2001/12/3,-28.38479747,67.80195775,0.717831426,-2.965066624
2001/12/4,-29.19069009,68.13469943,-0.365376454,-2.778069826
2001/12/5,-30.4732546,67.73645317,-0.556370095,-2.92429129
2001/12/6,-30.41973101,69.30809058,1.670165339,-2.392750327
2001/12/7,-30.12546479,71.05106572,1.663027573,-1.102999779
2001/12/8,-31.70676642,70.80332902,1.816260922,0.640122035
2001/12/9,-32.52368596,70.64499667,1.876408347,0.363514649
2001/12/10,-33.32728413,70.82368504,1.037452878,0.077801454
2001/12/11,-33.79064963,70.0014339,-0.361486024,-0.41258838
2001/12/12,-34.54991717,69.16954091,1.154236758,0.304430496
2001/12/13,-34.1540109,70.3670112,0.732632214,0.451058948
2001/12/14,-33.54825393,72.00901122,1.453057989,0.115807937
2001/12/15,-32.78262767,70.53955374,1.167031761,-0.929368572
2001/12/16,-32.59668506,70.6692359,1.459918337,0.688572121
2001/12/17,-33.58051008,69.90794705,-0.560819248,-0.554591309
2001/12/18,-35.18124368,70.74627933,-1.200154597,0.405601516
2001/12/19,-35.30870846,69.59257066,-0.558972489,0.785941388
2001/12/20,-35.18623171,71.57427579,0.226461868,1.135896123
2001/12/21,-33.9923606,70.64085919,-0.238551834,1.494913599
2001/12/22,-35.77922217,70.60965801,-1.0174961,1.191486999
2001/12/23,-36.65345523,71.52999364,-0.253964086,1.852942186
2001/12/24,-35.43686999,70.43824457,-0.420091572,0.983034783
2001/12/25,-35.1008407,71.53393301,1.715878542,-0.508785114
2001/12/26,-34.62089157,70.53179849,1.158335777,0.586175718
2001/12/27,-35.34716576,71.93971141,1.39292784,0.201769355
2001/12/28,-35.78352762,72.81797117,1.956509197,0.578000216
2001/12/29,-36.51453686,72.87056098,0.901581941,1.68777359
2001/12/30,-36.96322931,72.74453874,0.85598223,1.286850873
2001/12/31,-35.04079707,72.03097795,0.219466877,1.349438579
2002/1/1,-33.6273907,71.75138169,-0.458800731,1.510895528
2002/1/2,-34.14519124,72.24808113,-0.986852048,1.797613486
2002/1/3,-33.69875742,72.56657914,-0.152662269,2.09139188
2002/1/4,-34.33454073,74.48095537,-1.691721057,1.8570556
2002/1/5,-34.02140299,75.07859494,-3.336362978,1.533649613
2002/1/6,-32.21027828,73.2610787,-4.778056596,1.606943842
2002/1/7,-32.49410716,73.40961848,-5.514168397,1.689341657
2002/1/8,-34.25703288,73.82024112,-6.438183812,1.409358047
2002/1/9,-33.97683285,72.78910589,-5.65122079,0.222434621
2002/1/10,-32.92271644,71.95235199,-4.77412574,-0.733899452
2002/1/11,-33.23190314,73.401302,-3.383470248,-0.444029612
2002/1/12,-33.34438157,72.24363075,-3.765021506,-1.549289513
2002/1/13,-32.96777562,72.92741276,-2.790058767,-2.331743878
2002/1/14,-33.64912368,73.63394741,-2.26192234,-2.821349298
2002/1/15,-32.62281768,74.09645715,-3.10826763,-3.333106971
2002/1/16,-32.17245394,73.64593428,-3.031704349,-2.270719739
2002/1/17,-33.20890228,73.14131661,-2.41968408,-0.603589388
2002/1/18,-34.02291912,73.96206024,-4.3001053,-0.482774287
2002/1/19,-31.89449582,72.1322848,-4.122379533,-0.044029091
2002/1/20,-32.97526214,70.96829808,-2.341069513,-1.10954773
2002/1/21,-32.86607322,70.98133919,-2.451336677,-3.301843484
2002/1/22,-31.67607084,70.63592332,-3.146301015,-5.119639642
2002/1/23,-31.28989731,70.51375527,-4.150138163,-5.687248961
2002/1/24,-30.02034906,70.2216516,-2.186852244,-5.35927931
2002/1/25,-30.21300367,70.90469163,-2.536227766,-4.516781921
2002/1/26,-28.94360839,69.7758401,-1.546834532,-4.087751816
2002/1/27,-29.3037534,68.66469671,-0.787903208,-2.799528481
2002/1/28,-28.39273004,69.56010638,-1.713970967,-2.544534484
2002/1/29,-31.49216378,68.18812791,-3.228365067,-2.877706582
2002/1/30,-31.54528688,67.49150908,-2.791454765,-1.326511013
2002/1/31,-31.11809713,66.99298506,-3.434153591,-2.025858991
2002/2/1,-32.50945075,64.33493554,-2.002649865,-4.414561926
2002/2/2,-34.1749007,64.12780852,-1.697955975,-3.607002563
2002/2/3,-34.8485092,62.81514341,-1.522535721,-4.820216544
2002/2/4,-35.16098208,62.56687812,-2.052724634,-5.138452763
2002/2/5,-33.32422397,60.72376593,-1.48009721,-6.520711162
2002/2/6,-32.8216107,60.12481158,-0.945052372,-5.004525135
2002/2/7,-32.43391393,59.03259498,0.208828205,-5.966969329
2002/2/8,-33.62029244,59.76593428,2.74030661,-4.863157008
2002/2/9,-35.55592423,60.62705518,2.14832289,-6.206794358
2002/2/10,-35.56234576,60.87543007,1.577893137,-7.614618079
2002/2/11,-34.95787809,60.32746557,3.433239481,-5.51152158
2002/2/12,-35.80674881,59.08310183,4.652590434,-6.221015102
2002/2/13,-35.91876283,59.15706964,3.895089931,-6.063296568
2002/2/14,-35.61956129,59.92148975,5.493432069,-4.430095892
2002/2/15,-35.58974825,60.76760393,4.645358925,-5.086585901
2002/2/16,-36.14556719,60.19324196,6.099701406,-5.860970396
2002/2/17,-35.70018495,59.6412403,7.207342825,-4.751636459
2002/2/18,-36.06595382,60.6875766,5.944559996,-4.203850956
2002/2/19,-36.23700817,60.21290289,5.613935166,-5.156392142
2002/2/20,-35.69897158,60.04397014,5.423315193,-5.944950656
2002/2/21,-35.25038456,60.91565973,4.60037477,-4.759218938
2002/2/22,-35.20953147,59.71305343,3.660187925,-4.674460925
2002/2/23,-35.06588767,61.65471884,4.007718076,-4.514597571
2002/2/24,-35.28305627,61.79578418,3.616248462,-4.581516617
2002/2/25,-35.13143709,62.90223003,3.397038855,-3.324624994
2002/2/26,-35.16421226,63.35102995,1.128213618,-2.936339818
2002/2/27,-32.92699525,63.54032783,1.834982498,-3.570871334
2002/2/28,-32.36110471,64.01223211,1.87813925,-3.419636007
2002/3/1,-33.54330564,64.32127166,4.360430986,-2.600215092
2002/3/2,-33.74601875,63.1004205,5.139506506,-3.367489769
2002/3/3,-32.57371561,64.1469331,6.790475406,-3.923757117
2002/3/4,-33.17624716,63.55164279,6.592465256,-3.380409376
2002/3/5,-34.64920327,62.2401757,5.792140903,-4.858530587
2002/3/6,-35.80937519,63.11973917,6.215483704,-5.703375589
2002/3/7,-35.16800969,63.26342243,6.792871364,-4.27660465
2002/3/8,-34.66543413,63.47063453,6.999999114,-4.101757571
2002/3/9,-35.5366307,63.00708022,7.440575058,-4.491801823
2002/3/10,-34.92373396,63.05118663,7.829062737,-2.835115963
2002/3/11,-35.15323283,62.44822853,6.613272331,-1.88419166
2002/3/12,-35.35135182,63.64930045,8.247859934,-0.733421118
2002/3/13,-34.65641777,62.25154066,9.076445015,-1.369920116
2002/3/14,-36.17957086,60.97717194,8.551141625,-0.419902024
2002/3/15,-35.34835742,61.40438296,7.366276589,-0.723101833
2002/3/16,-36.15914336,59.81747992,7.140087236,0.293962862
2002/3/17,-35.74802794,60.08225208,5.149222068,-0.619040573
2002/3/18,-34.6288477,61.6698422,6.274939421,0.942115144
2002/3/19,-33.5989127,62.01385438,6.635920822,0.697503071
2002/3/20,-35.18238591,60.93700448,7.163278949,0.842876817
2002/3/21,-34.07995763,60.79889123,8.142440548,1.822162075
2002/3/22,-34.64034358,61.13041461,8.957563425,3.469175788
2002/3/23,-35.3891487,59.62109092,8.990412084,4.398248714
2002/3/24,-33.50410873,59.79244298,9.521708509,4.600210442
2002/3/25,-34.1661801,58.93537354,10.61530875,5.64107149
2002/3/26,-34.21576318,57.12394312,9.66358287,5.546196323
2002/3/27,-32.80106977,58.06536631,10.30776126,6.615270517
2002/3/28,-31.92265736,57.50202997,11.89999731,6.150576701
2002/3/29,-30.6714451,57.15498631,12.87297868,6.085338065
2002/3/30,-29.21522638,56.13047532,13.11075613,5.91762261
2002/3/31,-29.04980671,56.09093464,13.04684408,5.062962452
2002/4/1,-27.45124379,56.15826762,12.48010142,4.607637983
2002/4/2,-27.32702166,53.99135979,12.97077588,3.176133201
2002/4/3,-27.62520928,52.98887496,13.87566364,0.547693473
2002/4/4,-26.21780731,52.46183071,12.94047934,0.408802763
2002/4/5,-27.53488943,51.21644308,13.11217537,-1.674676576
2002/4/6,-26.60986252,50.42873594,12.76654298,-0.078470393
2002/4/7,-25.6528405,48.81965039,12.95215622,1.764608101
2002/4/8,-26.51968876,51.21263115,12.56927326,1.081130309
2002/4/9,-25.2511599,50.52814313,12.61225489,2.203977406
2002/4/10,-25.34584074,51.02861342,12.80192875,3.519737036
2002/4/11,-24.17854642,51.70286159,13.66822101,4.214519743
2002/4/12,-23.98145637,51.77728358,13.10023314,3.166817233
2002/4/13,-22.84555833,53.17087436,13.28499504,3.294290856
2002/4/14,-23.58746362,54.06208596,14.06369678,3.692608762
2002/4/15,-25.88603772,54.77154753,12.94594412,2.668760564
2002/4/16,-23.80778762,53.59046432,13.61044818,1.17184953
2002/4/17,-23.91841305,52.60172944,14.03321087,1.322120615
2002/4/18,-23.77051818,53.62862597,12.71416687,0.381559188
2002/4/19,-23.28581493,54.29704259,11.18476433,0.146499701
2002/4/20,-23.98109109,56.29301814,11.72439899,-0.586804691
2002/4/21,-25.04621517,56.25093203,12.46492856,-0.686957716
2002/4/22,-26.2926845,56.48322368,11.33849816,-0.57742083
2002/4/23,-26.77887537,57.89397034,11.73407122,-2.007186556
2002/4/24,-27.47696052,57.82300343,11.30017223,-1.146326362
2002/4/25,-29.01744724,57.9108773,10.76469345,-0.516336483
2002/4/26,-27.40465563,57.2600391,10.27796792,-1.892992096
2002/4/27,-27.74546694,57.35752889,9.93608971,-3.704808642
2002/4/28,-28.00930536,58.03404183,10.52656736,-3.457478486
2002/4/29,-28.91691387,57.73436901,10.88650165,-3.489238604
2002/4/30,-28.4066256,57.56211479,10.84563779,-1.920071606
2002/5/1,-29.58258093,56.24943257,10.75879189,-2.666910021
2002/5/2,-27.9325179,55.30325045,11.835506,-3.601639541
2002/5/3,-27.56173497,55.03752823,10.94143612,-3.964281691
2002/5/4,-26.91508109,54.8305019,10.48387343,-3.916075623
2002/5/5,-28.05245717,55.86120817,11.83852489,-4.805754515
2002/5/6,-27.40233431,54.27650156,12.22684533,-3.887615692
2002/5/7,-26.65602521,55.60054972,10.05436245,-4.164251331
2002/5/8,-27.17510938,56.19651152,8.315630764,-2.690621896
2002/5/9,-27.1681089,56.28076223,9.000353837,-3.11576844
2002/5/10,-26.59239035,55.58625056,10.50331782,-4.269976488
2002/5/11,-27.03927702,55.27361884,10.76389206,-4.498427696
2002/5/12,-28.13320741,54.66517949,12.09854357,-3.571684039
2002/5/13,-27.88262064,54.52985376,12.74784714,-1.911894524
2002/5/14,-29.79613603,53.72989308,15.37274043,-1.441635314
2002/5/15,-29.30866353,53.43865754,15.78086803,-1.851727267
2002/5/16,-31.17369295,52.75168891,15.86233197,-0.420130179
2002/5/17,-32.29277142,52.16837312,13.60849752,-0.484558028
2002/5/18,-33.99570232,52.73840487,13.65895531,-0.17550682
2002/5/19,-33.10078802,54.41967298,13.63144323,1.558322477
2002/5/20,-30.86228181,53.36921284,14.24812224,2.070495374
2002/5/21,-29.70060027,52.76309358,13.10273568,2.022378778
2002/5/22,-29.59763223,53.80434763,14.08716162,1.947496718
2002/5/23,-28.19103216,53.31333483,14.61298559,1.008061812
2002/5/24,-28.22064094,54.89983685,14.25550238,1.807752047
2002/5/25,-27.72730981,54.09941811,13.19205416,3.465821925
2002/5/26,-27.94649244,55.13907386,12.93688073,4.948081542
2002/5/27,-28.31239015,53.4827295,12.29312672,4.504807331
2002/5/28,-27.86165784,53.22530559,12.03618572,5.301074354
2002/5/29,-26.63432717,51.97067931,11.77014498,4.799739568
2002/5/30,-26.52562654,51.80520404,11.14360996,0.727264519
2002/5/31,-26.40906251,51.84189044,11.54998233,1.619775385
2002/6/1,-26.99447604,51.97023263,12.02435839,0.09684577
2002/6/2,-27.75280662,52.50201061,12.08773365,-0.584795362
2002/6/3,-27.47948119,51.20309923,12.33268016,0.559653982
2002/6/4,-27.78729534,50.83172753,11.22240696,0.541559118
2002/6/5,-29.42741699,50.44133404,11.34727152,-0.005583623
2002/6/6,-29.02003758,48.34164392,9.381205818,0.855700464
2002/6/7,-29.69885381,48.06463962,9.654218812,2.308807024
2002/6/8,-29.15997527,49.2025606,10.00823408,0.802470573
2002/6/9,-31.30954068,49.2463198,8.667917025,0.465899513
2002/6/10,-31.01519469,48.77798087,9.253981549,0.670178555
2002/6/11,-31.4774411,48.59881009,8.365581414,2.005563405
2002/6/12,-29.25590502,48.99034236,7.980984023,3.004775939
2002/6/13,-29.73816168,48.25631361,6.856553905,3.261312942
2002/6/14,-29.7215488,50.45378975,5.785384305,2.821696035
2002/6/15,-30.32825173,48.99406576,7.823013624,3.561031543
2002/6/16,-29.18057044,48.46716106,7.585276754,4.16596053
2002/6/17,-29.05791395,48.61499645,8.595729679,5.144909119
2002/6/18,-29.98418759,48.41358199,7.510805869,6.367217197
2002/6/19,-29.92004074,47.95061449,5.955762729,4.893856952
2002/6/20,-29.63520499,48.34181031,7.125287577,2.947221027
2002/6/21,-31.8102911,47.85329993,6.81819484,1.334267831
2002/6/22,-33.44844913,47.90941365,7.680132288,2.844241253
2002/6/23,-33.90481593,46.55755546,8.524500987,2.756166401
2002/6/24,-34.55015253,46.24487499,10.10917133,1.386104374
2002/6/25,-33.14531582,45.45782933,10.66131508,0.467055113
2002/6/26,-32.62593264,46.56803758,10.47567981,0.65629101
2002/6/27,-33.45326516,45.72608542,11.68548107,0.606014232
2002/6/28,-31.97731317,45.71223453,12.11457109,0.527556627
2002/6/29,-31.62430409,46.41301515,11.54167995,1.054842286
2002/6/30,-31.1456214,46.67414007,10.88068166,1.283144116
2002/7/1,-30.0783679,47.04226692,11.26207174,0.562646948
2002/7/2,-31.42405021,47.68650319,13.17562129,-0.34212532
2002/7/3,-29.65368215,47.11550735,14.48133468,-0.69383209
2002/7/4,-28.89855408,47.01962386,13.9473995,-0.700189981
2002/7/5,-27.68482916,46.21842373,15.74051149,0.379017038
2002/7/6,-27.4659811,47.59787517,14.45513498,-1.386329619
2002/7/7,-27.30234946,49.23627411,13.78655002,-2.742074664
2002/7/8,-26.85276296,49.63136297,13.85391315,-3.114592395
2002/7/9,-28.25573383,49.54158273,14.28348197,-2.127358601
2002/7/10,-29.34767938,48.39779723,13.90420121,-3.150508036
2002/7/11,-29.90540385,50.22425877,14.37025425,-3.533965443
2002/7/12,-30.17828849,50.6721436,15.30556789,-3.474941749
2002/7/13,-31.48948467,52.5480688,15.1887194,-3.274631911
2002/7/14,-31.47139156,52.08443619,16.46717958,-3.454750901
2002/7/15,-31.46299729,50.83233473,17.71054961,-2.848415958
2002/7/16,-30.9140364,51.18934467,17.44677888,-3.298927278
2002/7/17,-32.59935828,50.4107416,17.6274042,-4.787662896
2002/7/18,-31.42371323,52.52112597,17.07537176,-5.139651282
2002/7/19,-30.7874789,52.73528753,16.22733711,-4.880603132
2002/7/20,-29.79705842,52.06592097,14.95115792,-4.353161825
2002/7/21,-29.61432078,52.43939265,15.06521806,-4.22710672
2002/7/22,-31.17593326,52.38531265,13.8258082,-4.209275454
2002/7/23,-30.77490614,53.07600305,14.1976194,-4.937635199
2002/7/24,-32.78717212,53.89565184,13.69609158,-5.477064672
2002/7/25,-31.63121407,53.47371288,12.95696442,-6.619174382
2002/7/26,-32.5549743,53.0243556,13.57878889,-7.660741982
2002/7/27,-32.31811394,52.42097999,12.85855571,-8.510531046
2002/7/28,-30.57767162,54.6089489,12.58495607,-9.284911283
2002/7/29,-30.70832562,54.61030244,13.89124124,-11.36390928
2002/7/30,-30.18829155,54.5557828,13.81709762,-10.68202229
2002/7/31,-29.04263523,52.80654501,12.73430484,-10.70439759
2002/8/1,-28.10970858,51.54624194,13.24990043,-10.34414855
2002/8/2,-27.76673689,51.63641261,13.56723946,-10.23496512
2002/8/3,-27.60687034,51.67081747,14.72464006,-12.31157613
2002/8/4,-27.09196663,51.03864744,14.62891829,-10.49293178
2002/8/5,-26.01158561,50.96578641,14.5881505,-9.685205998
2002/8/6,-24.72812247,50.23283176,14.34249826,-11.3040398
2002/8/7,-24.5009828,51.10727317,15.61067219,-12.20086772
2002/8/8,-24.66280971,50.48756239,14.67938318,-12.94487212
2002/8/9,-24.86483263,49.69533305,14.52279091,-15.02563383
2002/8/10,-24.64498759,48.89487932,14.52919957,-13.25496682
2002/8/11,-24.93078275,48.68665166,14.11053565,-14.11177257
2002/8/12,-25.84426251,48.58144123,13.63328194,-13.03197934
2002/8/13,-24.46944357,48.47289417,12.78817289,-11.50431325
2002/8/14,-23.91955904,48.6531503,12.23442349,-12.06376801
2002/8/15,-24.41265577,49.18004571,13.06940997,-12.55849763
2002/8/16,-24.00832034,49.75218222,11.69890602,-11.86109988
2002/8/17,-24.34102056,49.48804067,11.94335788,-12.34767038
2002/8/18,-25.04258547,48.73403492,10.51846232,-10.49732384
2002/8/19,-24.86170434,47.30828335,10.45140882,-10.54526783
2002/8/20,-24.77164567,46.09663828,10.27022278,-11.34633366
2002/8/21,-25.34323106,45.49388608,9.816488438,-12.72506037
2002/8/22,-25.1833819,45.53496968,9.588656924,-13.75661998
2002/8/23,-24.4029879,47.28135142,10.74956261,-11.94006598
2002/8/24,-23.49416283,47.32651907,10.56042245,-10.00494308
2002/8/25,-23.57975079,48.0615943,10.90795194,-9.608692225
2002/8/26,-23.52333261,47.6318954,11.30633877,-9.203876071
2002/8/27,-24.1752088,48.55705409,11.99331722,-7.836317252
2002/8/28,-24.01386293,48.97226356,12.94711122,-7.99015955
2002/8/29,-25.19628109,49.42465433,12.54401461,-8.32945461
2002/8/30,-24.22392123,48.26847676,13.70474993,-8.891547192
2002/8/31,-23.96871379,49.79443482,12.02007274,-11.4788301
2002/9/1,-23.19867216,50.09219137,14.11449444,-12.58498158
2002/9/2,-22.77121147,50.26768782,14.87252265,-12.57390518
2002/9/3,-23.21732975,50.77839409,15.50768421,-13.35823285
2002/9/4,-24.01934935,49.41307623,17.02532758,-11.99769719
2002/9/5,-22.99180446,51.07238315,18.65394105,-13.39221469
2002/9/6,-22.11801382,49.26485097,19.3245049,-11.9180012
2002/9/7,-21.64842604,48.60817673,18.42452418,-11.38730527
2002/9/8,-21.24916798,48.82805707,20.50211158,-10.89490051
2002/9/9,-19.86366981,49.45184166,20.40614741,-11.57381393
2002/9/10,-21.38592053,48.98157788,20.70136412,-10.85085146
2002/9/11,-22.18550132,47.74812162,21.89686567,-9.51106149
2002/9/12,-21.891676,47.01071485,22.59088041,-10.89097789
2002/9/13,-22.38871328,46.76267103,22.08060782,-9.960777907
2002/9/14,-21.57172182,46.13092484,21.66237433,-9.899674974
2002/9/15,-21.11135594,46.46323041,22.16651028,-11.90969552
2002/9/16,-22.06964515,46.27655893,21.99035128,-13.11810577
2002/9/17,-22.07640322,46.47148501,20.47426679,-12.90427489
2002/9/18,-22.40917253,46.68355934,19.07023001,-10.86814516
2002/9/19,-23.28970715,46.40297198,18.70309716,-11.16758661
2002/9/20,-22.83743951,45.19433287,17.15582211,-12.83018755
2002/9/21,-22.45945794,45.43216546,16.66502396,-13.12392847
2002/9/22,-22.95297062,46.46674133,17.72459543,-14.53849693
2002/9/23,-23.11969719,48.76629238,17.57026129,-15.36449425
2002/9/24,-23.40331752,47.75840034,18.71340769,-17.02291307
2002/9/25,-23.53178668,46.63534251,19.46226759,-15.18818272
2002/9/26,-23.34423314,45.68657038,19.69624054,-15.47238922
